open.yitechnology.com,openapi@yitechnology.com,,,,,,,,,,,,,,,,,,,,,,,,,,,,,,,,,,,,,,,,,,,,,,,,,,,,,,,,,,,,,
www.ztedevice.com,ZTEDeutschland@we-worldwide.com,,,,,,,,,,,,,,,,,,,,,,,,,,,,,,,,,,,,,,,,,,,,,,,,,,,,,,,,,,,,,
www.safety-sh.com,mail@safety-sh.com,kemy.sz@safety-gz.com, helen@safety-gz.com,mktg-01@marvelshipping.com.hk,mars@hm-safety.com,mail@safety-sh.com,cs04@hm-safety.com,katrina@safety-sh.com,april@safety-nb.com,Claire@safety-sh.com, mail@safety-sh.com,xz05@safety-sh.com, mail@safety-sh.com, mail@safety-sh.com,mktg-01@marvelshipping.com.hk, mail@safety-sh.com,helen@safety-gz.com, cw003@safety-sh.com,stone@safety-sh.com,sara@safety-sh.com,doc0032@safety-sh.com,mail@safety-sh.com,cs04@hm-safety.com,import3@safety-sh.com,xz08@safety-sh.com,op003@hm-safety.com,sj@safety-sh.com,alex@hm-safety.com,kinki@safety-sh.com,,,,,,,,,,,,,,,,,,,,,,,,,,,,,,,,,
www.dotconnector.com.cn,info@dotconnector.com.cn,,,,,,,,,,,,,,,,,,,,,,,,,,,,,,,,,,,,,,,,,,,,,,,,,,,,,,,,,,,,,
www.jrasiafunds.com,JR@jrasiafunds.com,,,,,,,,,,,,,,,,,,,,,,,,,,,,,,,,,,,,,,,,,,,,,,,,,,,,,,,,,,,,,
www.hi-expo.com.cn,huadongexpo@yahoo.com.cn,,,,,,,,,,,,,,,,,,,,,,,,,,,,,,,,,,,,,,,,,,,,,,,,,,,,,,,,,,,,,
www.ymlogistics.net,345947630@qq.com, 4006664596@ymlogistics.net,,,,,,,,,,,,,,,,,,,,,,,,,,,,,,,,,,,,,,,,,,,,,,,,,,,,,,,,,,,,
www.i-robot.com.cn,market@i-robot.com.cn,,,,,,,,,,,,,,,,,,,,,,,,,,,,,,,,,,,,,,,,,,,,,,,,,,,,,,,,,,,,,
www.nj-feilke.com,sales@nj-feilke.com, wsh@nj-feilke.com, info@nj-feilke.com,,,,,,,,,,,,,,,,,,,,,,,,,,,,,,,,,,,,,,,,,,,,,,,,,,,,,,,,,,,
pl.ztedevice.com,adam.getka@gmail.com,ztepoland182@gmail.com,agata.cichowicz@wp.pl,m.kulesz@mindprogress.pl, m.kulesz@mindprogress.pl,,,,,,,,,,,,,,,,,,,,,,,,,,,,,,,,,,,,,,,,,,,,,,,,,,,,,,,,,
at.ztedevice.com,m.kulesz@mindprogress.pl, gerhard.fally@zte.com.cn,thomas.pesa@zteaustria.at,m.kulesz@mindprogress.pl,,,,,,,,,,,,,,,,,,,,,,,,,,,,,,,,,,,,,,,,,,,,,,,,,,,,,,,,,,
www.zhongsha-db.com,sales@zhongsha-db.com, 609895098@qq.com,info@zhongsha-db.com, 609895098@qq.com,sales@zhongsha-db.com,info@zhongsha-db.com, info@zhongsha-db.com,,,,,,,,,,,,,,,,,,,,,,,,,,,,,,,,,,,,,,,,,,,,,,,,,,,,,,,
help.yitechnology.com,support@yitechnology.com,,,,,,,,,,,,,,,,,,,,,,,,,,,,,,,,,,,,,,,,,,,,,,,,,,,,,,,,,,,,,
support.zte.com.cn,mobile@zte.com.cn, cscpak@zte.com.cn,CSCLA@zte.com.cn,support@zte.com.cn,complaint@zte.com.cn,cscindia@zte.com.cn,uzcsc@zte.com.cn,europesupport@zte.com.cn,europeRCSC@zte.com.cn,csc.ap@zte.com.cn, 800@zte.com.cn,support@zte.com.cn, psirt@zte.com.cn, mobile@zte.com.cn,complaint@zte.com.cn,,,,,,,,,,,,,,,,,,,,,,,,,,,,,,,,,,,,,,,,,,,,,,,
enterprise.zte.com.cn,8008309870@zte.com.cn, channels@zte.com.au,enterprise.sa@zte.com.cn,phils.enterprise@zte.com.cn,pphils.enterprise@zte.com.cn,8008309870@zte.com.cn, doc@zte.com.cn,8008309870@zte.com.cn,qudaozhuanxian@zte.com.cn, 8008309870@zte.com.cn,qudaozhuanxian@zte.com.cn, qudaozhuanxian@zte.com.cn,,,,,,,,,,,,,,,,,,,,,,,,,,,,,,,,,,,,,,,,,,,,,,,,,,
www.starswealth.com,service@starswealth.com, club@starsgroupchina.com,service@starswealth.com,club@starsgroupchina.com,service@starswealth.com,,,,,,,,,,,,,,,,,,,,,,,,,,,,,,,,,,,,,,,,,,,,,,,,,,,,,,,,,
www.tiegetech.com,export@tiegetech.com,sales@tiegetech.com,jade.liu@tiegetech.com,helenhu@tiegetech.com,2286089746@qq.com,kellychen@tiegetech.com, 47050161@qq.com, shaomingjiang@tiegetech.com,,,,,,,,,,,,,,,,,,,,,,,,,,,,,,,,,,,,,,,,,,,,,,,,,,,,,,
www.3tiworld.com,info@3tiworld.com,,,,,,,,,,,,,,,,,,,,,,,,,,,,,,,,,,,,,,,,,,,,,,,,,,,,,,,,,,,,,
www.sundent.com.cn,sales@sundent.com.cn,,,,,,,,,,,,,,,,,,,,,,,,,,,,,,,,,,,,,,,,,,,,,,,,,,,,,,,,,,,,,
www.wit-color.cn,marketing@wit-color.cn,,,,,,,,,,,,,,,,,,,,,,,,,,,,,,,,,,,,,,,,,,,,,,,,,,,,,,,,,,,,,
job.zte.com.cn,campus@zte.com.cn, wang.xiaoqing5@zte.com.cn,shen.xiaoxing@zte.com.cn,zhan.li2@zte.com.cn,campus@zte.com.cn,lu.ting35@zte.com.cn, 00025813@zte.com.cn,00171726@zte.com.cn,ruan.liupei@zte.com.cn,10174920@zte.com.cn,10189596@zte.com.cn,wang.weili2@zte.com.cn,00082494@zte.com.cn,00022177@zte.com.cn,00014573@zte.com.cn,00021458@zte.com.cn,00180180@zte.com.cn,00174532@zte.com.cn, WirelessElite@zte.com.cn, salesjob@zte.com.cn,,,,,,,,,,,,,,,,,,,,,,,,,,,,,,,,,,,,,,,,,,
univ.zte.com.cn,wu.xiaoqing@zte.com.cn, wu.xiaoqing@zte.com.cn,sang.zhaohui@zte.com.cn, yu.lu2@zte.com.cn,li.jian18@zte.com.cn,yin.chiming@zte.com.cn,LanguageService@zte.com.cn, sang.zhaohui@zte.com.cn, yan.jiye@zte.com.cn,ZTEIUT@zte.com.cn,zheng.xugang@zte.com.cn,kang.kai45@zte.com.cn,,,,,,,,,,,,,,,,,,,,,,,,,,,,,,,,,,,,,,,,,,,,,,,,,,
www.yitechnology.com,hr@yitechnology.com, support@yitechnology.com, sales@yitechnology.com,sales@yitechmology.com, pr@yitechnology.com,,,,,,,,,,,,,,,,,,,,,,,,,,,,,,,,,,,,,,,,,,,,,,,,,,,,,,,,,
www.avepoint.com,john.hodges@avepoint.com,yana.kryuchkova@avepoint.com,jeremy.thake@avepoint.com,friends@email.com, friends@email.com,z3igarnik@gmail.com, marketing@avepoint.com, youtube@avepoint.com, fatima.bokhari@avepoint.com,friends@email.com, yana.kryuchkova@avepoint.com,friends@email.com, john.hodges@avepoint.com,friends@email.com, legal@avepoint.com, dana.simberkoff@avepoint.com,friends@email.com, shyam.oza@avepoint.com,terence.orpilla@avepoint.com,chris.thorpe@avepoint.com,friends@email.com, jeremy.thake@avepoint.com,friends@email.com, Heather.Aponte@AvePoint.com, friends@email.com, hr_dalian@avepoint.com,hr_beijing@avepoint.com,hr_cn@avepoint.com,hr_shanghai@avepoint.com,hr_shenyang@avepoint.com, security@avepoint.com,customer-security-announcement@AvePoint.com, guest@gmail.com,friends@email.com, benelux@avepoint.com,Sales_TW@AvePoint.com,SalesUK@AvePoint.com,Marketing_CN@AvePoint.com,SalesRUS@avepoint.com,SalesSG@avepoint.com,sales.ch@avepoint.com,Sales_CN@AvePoint.com,SalesJP@avepoint.com,Partner_CN@AvePoint.com,salesfr@avepoint.com,italia@avepoint.com,toronto@avepoint.com,SalesDE@AvePoint.com,ventas@avepoint.com,Sales_AU@avepoint.com,yaman.kamalmaz@avepoint.com,sales_nordic@avepoint.com,Contact_Sales_Chicago@avepoint.com,sales@avepoint.com,SalesZA@avepoint.com,mena@avepoint.com, accessibility@avepoint.com,accessibility.careers@avepoint.com, complianceteam@avepoint.com, Legal@AvePoint.com,Alex.Gasper@AvePoint.com, Sales_TW@AvePoint.com
www.steelclik.cn,buy@steelclik.com, buy@steelclik.com,,,,,,,,,,,,,,,,,,,,,,,,,,,,,,,,,,,,,,,,,,,,,,,,,,,,,,,,,,,,
www.worldjaguar.com,overseas1-dl@worldjaguar.com,brian-sha@worldjaguar.com,xian@worldjaguar.com,edison-sha@worldjaguar.com,BRUCE.LYG@WORLDJAGUAR.COM,yantai@worldjaguar.com,bonded-hd@worldjaguar.com,air-svr@worldjaguar.com,amy-sha@worldjaguar.com,wjed@wjexp.com, info@worldjaguar.com,,,,,,,,,,,,,,,,,,,,,,,,,,,,,,,,,,,,,,,,,,,,,,,,,,,
en.triolion.com,export@triolion.com,,,,,,,,,,,,,,,,,,,,,,,,,,,,,,,,,,,,,,,,,,,,,,,,,,,,,,,,,,,,,
wwwstaging.avepoint.com,marketing@avepoint.com, partner@avepoint.com, legal@avepoint.com, security@avepoint.com,customer-security-announcement@AvePoint.com, IBMsales@avepoint.com,ibmsales@avepoint.com, AvePointPublicSector_Sales@avepoint.com, accessibility@avepoint.com,accessibility.careers@avepoint.com, Legal@AvePoint.com,Alex.Gasper@AvePoint.com,,,,,,,,,,,,,,,,,,,,,,,,,,,,,,,,,,,,,,,,,,,,,,,,,,
www.vinno.com,hr@vinno.com, vinno@vinno.com,vinnoservice@vinno.com,,,,,,,,,,,,,,,,,,,,,,,,,,,,,,,,,,,,,,,,,,,,,,,,,,,,,,,,,,,
www.chinapex.com.cn,hk@chinapex.com,info@chinapex.com,sf@chinapex.com,sh@chinapex.com,careers@chinapex.com,,,,,,,,,,,,,,,,,,,,,,,,,,,,,,,,,,,,,,,,,,,,,,,,,,,,,,,,,
zte.com.co,servicioalcliente@ztemobilecolombia.com,,,,,,,,,,,,,,,,,,,,,,,,,,,,,,,,,,,,,,,,,,,,,,,,,,,,,,,,,,,,,
www.high-light.com.cn, phyd_tdl@163.com,13926558058@163.com,haidiyu143@163.com,freder_lee@163.com,,,,,,,,,,,,,,,,,,,,,,,,,,,,,,,,,,,,,,,,,,,,,,,,,,,,,,,,,,
www.zte.com.cn,mobile@zte.com.cn, audit@zte.com.cn,800@zte.com.cn,mobile@zte.com.cn,8008309870@zte.com.cn, wang.pingping@zte.com.cn, press@zte.com.cn,,,,,,,,,,,,,,,,,,,,,,,,,,,,,,,,,,,,,,,,,,,,,,,,,,,,,,,
www.baphoton.com,sales@baphoton.com, sales@baphoton.com, sales@baphoton.com,,,,,,,,,,,,,,,,,,,,,,,,,,,,,,,,,,,,,,,,,,,,,,,,,,,,,,,,,,,
www.wizarpos.com,contactus@wizarpos.com, info@btlsoln.com,,,,,,,,,,,,,,,,,,,,,,,,,,,,,,,,,,,,,,,,,,,,,,,,,,,,,,,,,,,,
www.triolion.com,info@triolion.com, caixunzhaopin@triolion.com,info@triolion.com,,,,,,,,,,,,,,,,,,,,,,,,,,,,,,,,,,,,,,,,,,,,,,,,,,,,,,,,,,,
en.jrasiafunds.com,JR@jrasiafunds.com,,,,,,,,,,,,,,,,,,,,,,,,,,,,,,,,,,,,,,,,,,,,,,,,,,,,,,,,,,,,,
www.dobechina.com,zlcxy@dobechina.com,news@dobechina.com,BD@dobechina.com,sales@dobechina.com,jack@dobechina.com, sv@dobechina.com, news@dobechina.com,BD@dobechina.com,sales@dobechina.com,jack@dobechina.com, news@dobechina.com,BD@dobechina.com,sales@dobechina.com,2223913754@chatroom_1487673177360_35.jpg,jack@dobechina.com, MKT@dobechina.com, bj-we@dobechina.com, news@dobechina.com,BD@dobechina.com,sales@dobechina.com,sv@dobechina.com,jack@dobechina.com,,,,,,,,,,,,,,,,,,,,,,,,,,,,,,,,,,,,,,,,
yitechnology.com,hr@yitechnology.com, support@yitechnology.com, sales@yitechnology.com,sales@yitechmology.com, support@YItechnology.com,sales@YItechnology.com,Amazon@magnision.com,Amazon.jp@magnision.com,pr@YItechnology.com,,,,,,,,,,,,,,,,,,,,,,,,,,,,,,,,,,,,,,,,,,,,,,,,,,,,,
www.vpx-inc.com, sales@vpx-inc.com,,,,,,,,,,,,,,,,,,,,,,,,,,,,,,,,,,,,,,,,,,,,,,,,,,,,,,,,,,,,,
triolion.com,info@triolion.com, caixunzhaopin@triolion.com,info@triolion.com,,,,,,,,,,,,,,,,,,,,,,,,,,,,,,,,,,,,,,,,,,,,,,,,,,,,,,,,,,,
jrasiafunds.com,JR@jrasiafunds.com,,,,,,,,,,,,,,,,,,,,,,,,,,,,,,,,,,,,,,,,,,,,,,,,,,,,,,,,,,,,,